{
    "XGBRegressor": [
        70163.7164882974,
        67311.02720914198,
        62935.37414103188,
        75018.52912714008,
        85651.79776058503,
        61261.421612451246,
        75407.46240711158,
        79041.92949065963,
        72220.38951931088,
        81737.57709584845
    ],
    "LGBMRegressor": [
        70054.42640262262,
        67156.0643552397,
        62802.59194335139,
        74914.66913749759,
        85612.63358674222,
        61236.16155055904,
        75326.93762206289,
        78842.32881035705,
        71942.6526176446,
        81676.86184059076
    ],
    "CatBoostRegressor": [
        70238.49938481834,
        67684.49409350006,
        62999.38007669083,
        75064.17165419023,
        85630.45925892143,
        61361.13921562425,
        75513.19303086685,
        79052.92224331436,
        72276.28934085202,
        81851.18218101717
    ],
    "RandomForestRegressor": [
        70304.73785637462,
        67601.84774429165,
        63157.36997836759,
        75252.50725033825,
        85912.81512633886,
        61502.8972546561,
        76950.11713648732,
        79345.8362449856,
        72266.3298021374,
        81939.24087103781
    ]
}